time,mass,termopar_start,termopar_mid,infrared
0.0,70.08690730437367,25.906797405401058,22.55858101685907,24.41530257003618
0.016666666666666666,70.14904893863067,25.504482170540165,24.855901748653867,24.446498712978542
0.03333333333333333,70.24547991839209,24.81319600706472,22.15911257089472,25.142627497266144
0.05,69.99001957834756,25.652818093500255,26.5493477431736,23.9055321171094
0.06666666666666667,69.95666191834633,26.935049955247298,27.32493784073531,24.851960754535583
0.08333333333333333,70.17558703620004,26.164513570654307,26.61855447134086,24.0835923745835
0.1,70.08558773606818,25.308099621890403,27.16048754721638,25.689667325335584
0.11666666666666667,69.76808764763084,27.6543573608197,27.797332872640652,23.440028278827686
0.13333333333333333,69.96341692777749,25.66900385573129,27.400736740258292,24.920699836085166
0.15,69.96062263261426,27.13861111275171,29.55601167734253,23.925408853110504
0.16666666666666666,70.37882789957364,25.62201294930279,28.213468257413684,24.222525994903126
0.18333333333333332,69.9642745561519,25.78420761253923,28.93351583216301,25.1029621267659
0.2,69.78541822755778,30.546132702081053,27.39629869827543,24.14898539874405
0.21666666666666667,70.11907867088728,28.749318074828604,32.24592075470091,24.10193381710982
0.23333333333333334,70.24124573633992,26.641451145544746,29.625512713318948,24.47556795391342
0.25,69.92969067598379,26.915874580846953,30.676241227942718,24.559797792007405
0.26666666666666666,70.01772776274879,29.489575014537838,30.71661734836867,25.06994096461486
0.2833333333333333,70.34009161854772,30.052618091396422,30.021040356307783,23.994681920779342
0.3,69.71187942343849,27.81064916615848,30.245379430165197,24.235812396974627
0.31666666666666665,69.90795030809193,28.495278848941144,30.814856595926837,24.149029557450188
0.3333333333333333,69.73009199813673,28.406381318694063,31.54703483935632,24.617672099569784
0.35,70.1493402577058,28.40164199625009,30.14433137420614,24.68724927327011
0.36666666666666664,69.80752277764387,29.719595657888107,33.06977851895865,24.612841593233874
0.3833333333333333,70.06614750406334,28.115633266217653,30.774277172337975,24.734950669640433
0.4,69.94076180767483,28.931646884536278,33.05387320911091,24.944104652711527
0.4166666666666667,70.16283163244182,26.3211804203171,32.100821243750005,24.729936373774223
0.43333333333333335,69.87310436439603,30.47395904670389,33.754505922027214,24.84353420735507
0.45,70.03673104240025,30.7840240177814,33.46215946656616,24.816873121773728
0.4666666666666667,70.18106358477722,28.924861407238883,36.875179274891295,25.07895561932191
0.48333333333333334,69.79499046271533,30.19397966233059,36.515089089383274,24.69536071053212
0.5,69.8611899925295,30.47080427113468,35.73020423336547,5.275289149671195
0.5166666666666666,70.15389252227753,31.411648054009397,35.80493355060939,82.28786735570442
0.5333333333333333,69.981200896463,30.406009183909354,35.715612987758156,159.9358212531807
0.55,70.02207251022662,30.278509273128584,38.278102832524006,223.4300656591539
0.5666666666666667,70.00062554567725,31.00547821343144,38.28652736768065,284.07946536473753
0.5833333333333334,69.98017166732743,31.61357186055575,38.412142256485325,346.21003014685573
0.6,70.05222220545532,31.692898832997315,38.583410098115394,403.33527574158234
0.6166666666666667,69.98215329940685,31.514463521014868,37.19093495168546,447.9390086409608
0.6333333333333333,70.13182032532048,30.857084322299816,35.739596075748416,497.8644687324837
0.65,70.03369082328588,33.01641706097475,39.28523116562115,540.2541005981694
0.6666666666666666,70.12022985056346,30.183872966353675,39.582812896513296,572.4542560430878
0.6833333333333333,70.33214767733641,33.31906896239553,37.59734639991372,618.1922558773389
0.7,70.08440926439262,31.693662652159684,40.40630212581957,643.430906532595
0.7166666666666667,69.69601820536059,34.3684005362387,40.715072511363175,669.5922366529526
0.7333333333333333,69.92695006922281,33.732783975249745,39.66799669772458,692.0035494348273
0.75,69.97684371914211,34.21875098969133,41.98204822287756,731.8122819991129
0.7666666666666666,70.00396967633556,33.200565840571045,40.865983925132305,739.920074030862
0.7833333333333333,69.76990111288907,33.870024925815564,42.25101097804141,765.1578559420017
0.8,69.70922621025011,33.773828651751366,41.33515836975888,789.5212841689861
0.8166666666666667,69.85056018662091,34.031905670044765,42.325821750250654,803.8705264501754
0.8333333333333334,69.79414133907625,36.33434625744481,42.42705339264434,814.013346451591
0.85,70.0277043163488,35.2295643745262,42.23869543628921,842.2538488765722
0.8666666666666667,69.64064357371916,35.31138423082596,45.11509805840596,858.8575698901033
0.8833333333333333,70.13715771880325,35.79876481907723,43.93128969388635,873.3188928125941
0.9,69.90662301065547,35.41726425368759,45.45595687247486,870.3642714976844
0.9166666666666666,69.69827813935832,37.63911279362392,44.04771460931645,878.907144181681
0.9333333333333333,69.81579942663187,35.338240040059425,45.182921591100474,894.2087963710877
0.95,69.79102340255294,34.722323009532786,46.644655052138816,900.5444351617778
0.9666666666666667,69.89677267617246,34.86863721926197,47.77567471717169,912.8547453078221
0.9833333333333333,69.84012346032765,38.51991300039979,45.975683666831266,926.9177736873348
1.0,69.71787593982329,35.95698048250226,48.489332102801434,921.5744660233044
1.0166666666666666,69.7950948778252,35.99266358570021,46.17780203669537,938.7520948090239
1.0333333333333332,69.6078110228385,35.94104052759947,46.47384884371702,933.6583302246211
1.05,69.59735073452717,37.05025468023146,47.42793468880011,939.5266216279235
1.0666666666666667,69.76016291992025,36.10105358348245,47.59157346345194,948.3691559495965
1.0833333333333333,69.91166790327614,37.753823799526366,47.17864806326471,947.3959598331104
1.1,69.2969185982239,37.199878921595854,47.3948996406001,961.4291831067834
1.1166666666666667,69.80283684402288,39.17627417857629,50.061687223094175,964.4396720599576
1.1333333333333333,69.6387526626879,38.604808577781974,50.0637769332542,968.7765110041498
1.15,69.45525384053731,37.16742557501989,49.624481155637184,965.820537462228
1.1666666666666667,69.86029882728322,39.3997763668818,49.74850963038976,977.0326461019455
1.1833333333333333,69.51015952652793,39.1740877233153,50.195906920729875,979.9563719951717
1.2,69.28597886138364,38.369661877900725,50.47009995395574,976.5367024737858
1.2166666666666666,69.3572847831835,38.99846956770267,50.21124138391507,983.6924452933177
1.2333333333333334,69.31854007903874,39.42427666803455,52.402240313168456,987.7859488397642
1.25,69.41440471069645,39.72579680424283,50.95439688894509,984.2003173868712
1.2666666666666666,69.39988759035302,39.795302665299566,52.7591462732752,979.3600936134627
1.2833333333333332,69.10995382850804,40.565975707493436,51.83182948312129,982.9657157526225
1.3,69.11864383975042,40.645749994788126,54.060937493371085,984.7161969664784
1.3166666666666667,69.14595394457301,39.96926885398682,53.13269952230227,1002.9678940234043
1.3333333333333333,69.46200232266825,40.00820375129353,53.239208095864335,989.6304961444978
1.35,69.19447547324488,39.913192917269946,53.841584762405915,998.1415423769838
1.3666666666666667,69.24517954614731,40.52916112718659,56.00318715865799,989.8614651884092
1.3833333333333333,69.18022186579472,41.207178906410824,56.040832687501215,997.1370287596283
1.4,69.13797159487477,43.49580301503964,56.50710276977825,1007.0284777686898
1.4166666666666667,69.09536270662446,42.81571738411816,56.076245759580836,1002.280423724701
1.4333333333333333,69.15621520167173,43.150518677783225,54.08555012189813,995.6187566339476
1.45,69.00191089238375,42.488636027708836,56.07953967942992,997.2570407510848
1.4666666666666666,69.08584504765581,41.646769329313855,56.86247317561796,994.478019442124
1.4833333333333334,69.47698739286936,41.96740540713182,58.473651441248435,1005.7490657686012
1.5,69.16676806924397,40.66069204582505,58.91688464416043,1000.583436906213
1.5166666666666666,69.02704715680106,42.1047218925809,56.916880423373385,1004.148912568365
1.5333333333333332,68.96102281229172,43.59142405289602,56.9314503930267,997.1950515881903
1.55,69.04972442732753,43.25645223685398,58.97603914696941,997.7360341941362
1.5666666666666667,69.05625167559828,42.84228695392039,57.9780571112793,1003.8004430780237
1.5833333333333333,69.03765662757277,42.29210428808237,59.1715017560929,1003.376171899685
1.6,68.76755588586803,43.42129700746371,60.87239821334906,1006.8728185893981
1.6166666666666667,68.72297321400784,43.721356292921314,59.96436697886106,1017.5265394002477
1.6333333333333333,68.68467300906397,44.77583350003148,60.88900120018326,1004.4701741794759
1.65,68.7733233853609,44.43101269810458,61.47562369424478,1005.4075303360082
1.6666666666666667,68.91813037720134,43.580512258572085,60.78158168120859,1014.2962167544608
1.6833333333333333,68.83257445846924,45.608012542340596,61.050982742398695,1016.0970723191647
1.7,68.67714211549156,45.34763961768474,61.44209993796554,996.232611140443
1.7166666666666666,68.50752025710491,44.88346028701464,62.33621546511665,1004.1727331974206
1.7333333333333334,68.632561586899,44.617841795526004,63.500373367828225,1011.7484260691347
1.75,68.67700027624576,45.81876074071484,63.32645961038971,1007.6661458526502
1.7666666666666666,68.41745669901405,45.7800969735986,63.818120527356776,1005.9375376436782
1.7833333333333332,68.69329234169685,45.263990479787935,65.03219269521568,998.5272570024197
1.8,68.14343119444499,46.84451749082597,64.0502588361369,1005.2645561129774
1.8166666666666667,68.09738419175957,46.0476216524992,65.72771732545529,1012.8655717110047
1.8333333333333333,68.46229611573186,45.9003834789132,64.27774707211167,1004.7432366558162
1.8499999999999999,68.03929175165118,45.011161312822935,64.37581713219889,1002.0976519584945
1.8666666666666667,68.28905612073706,46.87956718578637,64.57091267659705,1013.8414925368811
1.8833333333333333,68.38851903463959,47.15667676154845,66.98875528760325,1009.1193114053585
1.9,68.13409179290623,48.86733892449821,66.01865910392841,999.2500808011655
1.9166666666666667,68.02814917350335,48.833986553226836,66.96451799358461,1012.0945388316983
1.9333333333333333,68.21365414822695,47.16505987230241,64.8207370027479,1008.3628645121572
1.95,68.03993901726702,47.05300680101805,68.25706929511556,1009.8044725351987
1.9666666666666666,67.82738091663963,49.2758198083725,67.56806259842968,1020.3033742549625
1.9833333333333334,68.02735453240638,45.95361464434851,67.21677551845472,1012.5605376676214
2.0,67.79278572650526,26.708628355900718,67.67042379524658,1009.327823713213
2.0166666666666666,67.84502954128682,56.90710383826332,68.85750149393353,1005.6609793158076
2.033333333333333,67.69452867276256,92.15850161865288,68.8997121807134,1019.0789370285031
2.05,67.52443087960488,125.07105598586402,69.33342019995405,1013.1154437325004
2.0666666666666664,67.66961843165653,158.65525367511015,70.2005953261515,1011.9254036383343
2.0833333333333335,67.6333442304345,190.83317974619047,69.98367131535673,1005.4174918587429
2.1,67.44670009605542,223.85252994715685,70.94681286661582,1013.8566228319233
2.1166666666666667,67.65312945140404,258.4643555748748,71.40147813937712,1003.020932319586
2.1333333333333333,67.67603980868559,289.7406064328294,70.95527203694128,1013.1743579212856
2.15,67.49423293752288,324.0712912106795,70.4952252459021,1004.3541681549242
2.1666666666666665,67.49049913488084,358.8302838802992,71.42617127310258,1012.6491202113668
2.183333333333333,67.4958615131561,390.355210448352,72.02562079503801,1018.7977168930155
2.2,67.1727039576569,423.8511023522818,73.33456469120601,1004.1166330193986
2.216666666666667,67.60171067238544,459.09008322548056,72.80934420724921,1002.3064843632952
2.2333333333333334,67.43719600778864,492.8022345661662,72.00369859124203,1013.9131707144181
2.25,67.00978489064383,524.4710527793806,74.01865453502637,1011.678055225607
2.2666666666666666,67.1317988011443,558.9641151613897,71.35239071692064,1014.4478657116468
2.283333333333333,67.24357111727504,591.5568489457099,74.11418768118628,1015.1281502622543
2.3,66.82224655836049,622.2351628858013,75.37668880530083,1011.7459553819991
2.3166666666666664,66.93976497805517,656.9607993360225,75.7002604566479,1016.4049027983082
2.3333333333333335,66.86360751134482,692.0373048540986,74.60455587841535,1004.8623899173868
2.35,66.9136455741433,725.6187437661678,77.5822267006679,1003.2975812457411
2.3666666666666667,66.87123191262435,756.3256657557246,78.28366034869055,1010.3649069122051
2.3833333333333333,66.72756328574141,791.1347433243458,76.95141568843344,1004.7616318002924
2.4,66.53089705900946,824.8374967902143,76.85900430555272,1014.937279540769
2.4166666666666665,66.54623876454545,857.9486875401789,77.24933417916748,999.6756303578417
2.433333333333333,66.47612958237198,891.4895094493456,76.78127087337546,1026.9185059178121
2.45,66.55684851905353,924.7699624928944,78.53166327757506,1018.8575280871065
2.466666666666667,66.43933274625246,959.4225147718739,78.70151672222012,1006.2004115275379
2.4833333333333334,66.2174060562345,993.4592525226477,78.03694234835865,999.7685768935658
2.5,66.40848425998762,1024.1005792327837,80.74546717133953,994.6778945737368
2.5166666666666666,66.20792677365915,1023.2985968629573,79.13332871395569,1005.06932854117
2.533333333333333,66.11626796410994,1018.9349818797303,80.16015228872827,1021.1535192608553
2.55,65.95493579443819,1015.3582920660604,80.72128229421796,1007.6467524352918
2.5666666666666664,65.91433431201513,1011.6189872501764,81.39040066254196,1012.2316877403276
2.5833333333333335,65.81664437226708,1007.9099194661082,80.35439931161815,1012.6522542826968
2.6,65.92370975591064,1004.6619614154627,82.06029106835655,1013.5613306870847
2.6166666666666667,65.7375362705579,1002.0631892613363,83.46467394113364,1018.0562972384832
2.6333333333333333,65.77318633992077,997.637515328986,82.49935685843755,1008.2712373215177
2.65,65.51171478645617,995.014078226425,83.1861968303659,1003.4403603588195
2.6666666666666665,65.77861520311531,991.6490424813337,84.2841517675672,1008.3219504212144
2.683333333333333,65.46791047366001,986.6876706017556,83.47946238313861,1009.0250216663372
2.7,65.4754451657903,984.9088171477557,83.38930067950903,1016.0574391989004
2.716666666666667,65.07858804057533,981.1722805547726,84.24562006481594,1012.9812507349076
2.7333333333333334,65.5273884659152,976.6313817277405,84.34121419009763,1007.9640209394406
2.75,65.12754667911976,975.0682238027285,81.5573365261853,1011.2871139502191
2.7666666666666666,65.34732703040393,969.9131013617657,86.3379893439868,1011.0349103647278
2.783333333333333,65.24346451538786,968.1756076728792,85.80069796152074,1009.1474253522748
2.8,65.18800498770997,965.1028373044842,86.39034614383823,1005.2359080450275
2.8166666666666664,65.21530742593141,961.7690664933888,87.20151790850323,1006.9873965562966
2.8333333333333335,65.07595460326847,959.9957598434409,87.69645711021037,1019.8607031471565
2.85,65.15438098331904,954.5874744129911,88.91236101618429,1005.9633571981154
2.8666666666666667,64.83221109025057,952.8032168220803,86.30765446622793,1016.1668669585928
2.8833333333333333,64.90047622763625,949.2995689216285,87.95193837589596,1021.5701908169921
2.9,64.54853321317249,947.3770931316014,86.4753533718909,1006.2175568228682
2.9166666666666665,64.63419934517077,943.3809987641189,88.41920575248182,1015.1662623824859
2.933333333333333,64.63922599080786,940.1980692810137,89.89885711601326,1003.4985779882891
2.95,64.26113608298955,937.6147602243783,88.45869397222901,1007.7955221615663
2.966666666666667,64.28433239489146,933.4411382291906,89.51195031341146,996.5947312173926
2.9833333333333334,64.31778052617783,931.3981900968739,90.79486319768397,1012.5551282231672
3.0,64.18734792965158,926.9630494056664,90.98299831286243,1017.4156105430222
3.0166666666666666,63.73883154393463,924.274622476249,91.48693768219692,1019.8241497884977
3.033333333333333,64.13648504665558,920.7348229909035,88.16816247100034,1007.6764112072639
3.05,64.22274395422235,919.0094124285268,91.83355643440667,1011.2784113582219
3.0666666666666664,64.14424541496736,912.7382127608456,92.7019380221724,1001.1962460557886
3.0833333333333335,63.968304407222845,913.4052249048126,92.79327105754024,1002.8947382020192
3.1,63.92526268094946,909.5989853854543,93.20780218067272,1009.9227830258773
3.1166666666666667,63.70320093228894,907.1367316998177,93.40960741815869,1004.5631262431996
3.1333333333333333,63.78013375637229,903.4443861573574,92.50160270242732,1008.9939613853381
3.15,63.79095649169034,899.3627817069022,94.31711831048526,1003.4847990689102
3.1666666666666665,63.5505165186418,897.0652718450892,93.56866597773363,1000.8421549407716
3.183333333333333,63.18824198428499,894.2934795442195,94.6475136929711,1008.7407210385823
3.2,63.46870093490458,892.0375927169699,95.58913649066017,1014.0701824884944
3.216666666666667,63.36653188046882,887.5682618535268,95.8531943945736,1011.7310607591223
3.2333333333333334,63.18362158398195,885.7764082528076,96.2390245848342,1011.7084562884423
3.25,62.86994704902799,882.1105388528706,93.96276464258496,1007.4813693332583
3.2666666666666666,62.76999010482246,881.2099807225387,97.73228041302168,1002.822924323755
3.283333333333333,63.01863058726409,877.7930011330905,97.49240214063214,1008.5829162581758
3.3,62.97118850926771,873.3203043209916,98.70549673109709,1002.5789414828736
3.3166666666666664,62.89921266507373,874.2665924508958,97.52877186357787,1017.4532463483247
3.3333333333333335,62.689179516702936,867.6862929835215,99.58017093616755,1008.5930560711855
3.35,62.43532166654562,863.3827159513023,98.81629649981524,1014.1883691881358
3.3666666666666667,62.71658894162625,862.6069389080217,97.44146928715533,1002.143830588333
3.3833333333333333,62.4096189032509,859.5999101839969,100.49440582866659,1013.4184706559134
3.4,62.180955108556724,855.8021205432938,99.28617059281162,1020.1121034431434
3.4166666666666665,62.192912502008085,854.1249951773522,99.05335559244715,1005.9018113843077
3.433333333333333,62.278467803555536,850.8483148247738,100.52295059166377,1012.0361979709588
3.4499999999999997,62.358018768128886,847.2098956550603,101.00169531365938,1011.4415877868007
3.466666666666667,62.08731151755308,843.9932987177415,101.89931723418165,1007.7669096990517
3.4833333333333334,61.800107261179036,842.575995242998,100.08923389533395,1012.3368473200122
3.5,61.76967826179788,838.1088985404747,101.29671128450231,1009.053081021782
3.5166666666666666,61.694994616835025,837.6186931966056,101.34077070824657,1001.09894842821
3.533333333333333,61.59304202913811,834.5106953616508,103.16307330946763,998.3885276887843
3.55,61.561358427135964,830.6915555472402,103.98185421309454,1011.1865974211362
3.5666666666666664,61.43703191331083,827.2469411543459,102.19926122971502,1019.5155281989164
3.5833333333333335,61.087091785945475,825.7446480485628,103.22328699001208,1016.4598291266244
3.6,61.53314473947032,822.7167472402239,102.18075568412213,1001.1550554759092
3.6166666666666667,60.998411099836304,820.1547112363766,104.10819394253855,1004.699775841077
3.6333333333333333,60.928178141009546,818.5583984821078,103.02917052271526,1009.5586762767742
3.65,60.9219749022494,814.0618309466765,103.13391430210362,1007.6295755325923
3.6666666666666665,60.85989633317759,811.8156311112563,103.61699024854713,1010.9828908371938
3.683333333333333,61.00340837103696,809.3556229536443,104.90150359246051,1011.2291117392675
3.6999999999999997,60.83545374158074,806.0872759245254,104.78652961390867,1024.360186291617
3.716666666666667,60.98571177272656,802.5073814518845,107.77220218817673,1006.1763573410071
3.7333333333333334,60.416743913497484,800.3945712338474,105.92465959832505,1014.05181245282
3.75,60.368643068216834,798.4120587853373,106.79233450249758,1009.3003539853449
3.7666666666666666,60.34636784476871,794.4427580242823,108.60491335765167,1006.8232128572447
3.783333333333333,60.44538313127321,792.5240624922066,108.21885262001092,1012.2162828556346
3.8,59.88222035110462,790.5129373373514,107.07535835146656,1013.3106757251276
3.8166666666666664,60.03977327938576,789.2829680648182,109.38293241067397,1006.4216062982952
3.8333333333333335,59.91869136911829,782.6954334873706,107.79898653227359,1014.0240648195214
3.85,59.86955255161171,783.1090148412836,108.41196015185227,1003.9774189096202
3.8666666666666667,59.47960869236715,779.324386822654,109.12955485554389,1005.7450617452497
3.8833333333333333,59.72882540144924,778.405055063294,110.91987010290848,1006.8673583348284
3.9,59.52534321106564,773.1924648363174,109.32808525743654,1008.4523365120203
3.9166666666666665,59.598086065942404,772.6203455674897,109.02409522140347,1003.8362411448499
3.933333333333333,59.37495047458743,769.448626882465,111.96636237281554,1008.4175449889499
3.9499999999999997,59.23713664118842,767.8879937243586,110.61205598877275,1002.83246037629
3.966666666666667,59.319857986705,765.1639478158639,111.53954258641473,1001.0975919578595
3.9833333333333334,59.1715956418981,761.8244318951608,111.64277507045807,1013.271611456343
4.0,58.98857973221407,759.6371404271358,113.29584733370694,1010.694071397901
4.016666666666667,59.034232679466186,755.2512565557172,113.17126568628079,1005.1424488713743
4.033333333333333,58.842128476867465,753.3579719060757,114.86967279628858,1007.6724261328544
4.05,58.853478208606944,751.3649198812669,114.12601535050248,1008.9052916176236
4.066666666666666,58.56554699172014,748.5305174563401,115.5823834066094,1011.9756102711082
4.083333333333333,58.223380538163006,746.6710272360211,115.69392357636518,1015.9118290741961
4.1,58.36652210293486,744.4075516420505,114.39648941860814,1015.9788742283027
4.116666666666666,58.13566916409401,741.8968437957684,115.21983823839966,1010.9285519700395
4.133333333333333,58.1788063118567,739.3569851524749,115.29375797355246,1006.3893199840863
4.15,58.29146499979776,738.0850238329597,115.85630957637783,998.9346353720882
4.166666666666667,58.27007467662721,732.8782391847362,114.94199452887368,1010.9604501788823
4.183333333333334,57.886724190239505,732.001173746403,116.706097896042,1007.9554809597724
4.2,57.8591638864206,730.074591864505,116.88221067456159,1013.6889271171955
4.216666666666667,57.66398808917443,726.810778631297,114.76650834434551,1009.4396142714512
4.233333333333333,57.72479716172254,724.9728714286191,115.14128523242823,1018.8113324874537
4.25,57.46526206710965,723.1522519495039,118.36163648149552,1002.770604578828
4.266666666666667,57.14693509054232,721.2084445955845,118.28067448434325,1007.7002845736271
4.283333333333333,56.98671654816766,717.4184180463463,116.21841147784433,1003.0453493835553
4.3,57.13075624127487,714.5284943563798,118.56703472545911,1009.9064062116565
4.316666666666666,56.802411698852836,712.570806197394,118.1056143176641,1011.7246263960822
4.333333333333333,57.03587275235478,709.8936584235954,121.3904872135926,1003.9366846234112
4.35,56.86287465645601,706.8588639268492,120.48571245606782,1010.3296884135401
4.366666666666666,56.73218865977434,704.8230606405177,119.90038192249237,1012.7472900371326
4.383333333333333,56.87712633218479,702.6035823166825,122.37060995940786,1004.9516092362105
4.4,56.76930384870834,703.4179961821633,121.48428954885684,1017.5246800460545
4.416666666666667,56.36282390863994,698.89450112653,121.31292740026404,1000.782890712443
4.433333333333334,56.28070200948828,694.6893369061697,121.8110435300053,1014.5665643601344
4.45,55.80133268758581,692.9890092317447,123.32671331175447,1003.1868284430237
4.466666666666667,56.16358189375599,689.9699837616963,122.09265579257789,1014.2735653716466
4.483333333333333,55.66436828091846,690.5552285961891,122.31606425502244,1014.0302601166862
4.5,55.83974901105091,686.6690729248331,124.2947548585385,1017.7441615200744
4.516666666666667,55.71202304617588,683.6475218257242,124.29372070412553,1008.3535376726478
4.533333333333333,55.61473390604229,681.7220107195589,125.10805185139759,1008.1076078399773
4.55,55.58997203802442,680.2246314275812,123.63118612752987,1007.1712952940294
4.566666666666666,55.163128464085354,678.3420216786715,125.66344878399471,1012.4493870915379
4.583333333333333,55.3327744936259,676.522569851715,123.86912165104194,1001.3044103832685
4.6,55.16125029866617,672.9053807737954,125.32557869037846,1017.1833545042075
4.616666666666666,55.35594577540744,672.5856778735139,126.26773579929215,1008.3786540755925
4.633333333333333,54.914944435103735,669.2891218096428,127.35941909058434,1016.8285316293869
4.65,54.75564165888478,667.1489786588443,127.72065600835924,1006.2798228065792
4.666666666666667,54.75534641772879,664.7829600052805,125.8502227343024,1009.2114866184377
4.683333333333334,54.790746848674836,662.4427808649062,126.89734263679958,1001.3687493347419
4.7,54.56737780848358,660.0249570853349,128.34865426246873,1015.517134503712
4.716666666666667,54.4524481482073,658.0602268564387,128.18507553870083,1015.9754266740149
4.733333333333333,54.35754592949773,657.203722967031,128.03235273339791,1020.1247022085125
4.75,54.25348823193036,654.4754836956644,128.2404960175294,1011.5797809906759
4.766666666666667,54.353597128167785,651.6322086177512,128.08858556480342,1007.7332581940203
4.783333333333333,53.86552231870102,650.3988118144141,131.3989399895676,1018.0107005404983
4.8,54.11244404608193,646.9786864133897,131.19367345688394,1011.1417431990856
4.816666666666666,53.85504964988705,644.0921560295877,133.00306538314462,1003.7981764654206
4.833333333333333,53.58308546392753,642.6104675718958,131.43799863709353,1002.3183521775909
4.85,53.41997708121418,640.6371469531871,130.4797095572394,1016.5360774632994
4.866666666666666,53.30192051087319,638.6382233684683,131.39665227057145,1008.1192841156077
4.883333333333333,53.30476744363791,636.8699823113989,133.13577541765034,1010.9073907280501
4.9,53.0020106012788,634.3180163412993,133.80563087021514,1013.5063240345723
4.916666666666667,53.08010269408507,632.5884644149254,133.2956712833489,1010.6170446398428
4.933333333333334,53.216751381058245,630.3687841984358,133.2574527306778,1016.9167563341949
4.95,53.00752696158474,629.0268369016065,133.7773437669206,1008.4987585017541
4.966666666666667,52.604271564590285,625.320789351433,132.9873060341252,1008.9932006262354
4.983333333333333,52.490815432165135,624.0525094940139,133.31446847267253,1017.0326719404337
5.0,52.41773314152068,622.2152815398488,135.88557475337126,1014.3349724627783
5.016666666666667,52.3534481290889,620.0191859774247,134.6559759288185,1016.2549663375785
5.033333333333333,52.13994361600564,616.8698594803798,135.1191620846773,1002.7969043883488
5.05,52.205213087529756,615.1173026081591,135.87330082574675,1001.7225474442498
5.066666666666666,51.99731032190279,613.6367769058651,136.3908994846606,1017.7326850397353
5.083333333333333,52.13615373075324,611.2367515669941,135.6190336705991,1002.5025599695168
5.1,51.941274625504924,606.9668474687461,137.18315278561002,1001.378517500809
5.116666666666666,51.7759314318452,607.1164910088513,136.64905337102587,1005.3974518563481
5.133333333333333,51.694806652644196,605.0536296834766,136.32691710283305,998.8861635442429
5.15,51.56879472451512,602.9043703409668,139.531764755835,1014.8451919827718
5.166666666666667,51.46109332957974,601.2903335422166,139.4841248917032,1017.9406403324912
5.183333333333334,51.23881683770877,599.8253233946349,139.5264155841118,1011.671606217396
5.2,51.218894821181635,597.3397211965708,139.53786176783828,1014.174377733884
5.216666666666667,50.66751597834061,594.8084813068382,139.2460356971311,1007.6513256800537
5.233333333333333,50.996362640859125,592.6550993236857,139.7196711164067,1012.1486134189196
5.25,50.55746240387732,590.5505420411886,141.70458469330904,1017.6492303050942
5.266666666666667,50.31875464203429,587.215795625273,140.15005755773697,1004.0944139797805
5.283333333333333,50.18696240056785,586.5107063614703,140.40562853575145,1019.7570238760923
5.3,50.43998753417942,585.9396516326965,141.66395344763728,1011.6524913246362
5.316666666666666,50.3771535570777,583.9610417032382,141.24966991060813,1006.4039414576871
5.333333333333333,50.13311027725413,581.285011034107,141.23905491783833,1004.8798897387327
5.35,49.87080358537047,579.3222812080828,142.3121327551439,1013.0149848127693
5.366666666666666,49.85976615194782,577.0622673802562,142.00222928664277,1016.6485341356606
5.383333333333333,49.575379338573725,575.801813478854,140.72452774747617,1005.0485108896548
5.4,49.627103944956275,572.6985978139294,142.36317913995683,1008.3204598040934
5.416666666666667,49.4913370782722,571.6978086550265,143.80905644331372,1007.3028034263558
5.433333333333334,49.20798775726954,570.540638229763,143.80927046688947,1008.5101209631222
5.45,49.31010012456811,567.7878072774328,145.96967135813625,1010.3340765911437
5.466666666666667,49.015916836431416,566.3838667469812,145.08983427543836,1008.0462000765671
5.483333333333333,48.71848854172148,566.1664695277753,146.61456740245427,1005.7551375114184
5.5,48.84878825723116,562.5549886437701,144.34468212307786,1005.5121661643665
5.516666666666667,48.419864110683804,560.1280380584203,147.05225862287577,1015.5868738082838
5.533333333333333,48.64783052453877,556.4411714458194,147.25203669126915,1009.5222441031822
5.55,48.58235305696215,556.8687005808995,147.7538674029446,1008.3416267166102
5.566666666666666,48.49864242978991,555.3643951747367,144.70391441222029,995.150439535079
5.583333333333333,48.30605204900601,553.6072051199392,146.52518513041343,1008.533156516033
5.6,47.84529142939088,550.7184947170995,147.30891966320397,1010.0292169551536
5.616666666666666,47.73739621534571,548.8292438303749,149.52505829482266,1014.4757167977109
5.633333333333333,47.8199704273451,547.369556807214,146.49487415512968,1012.7795790673412
5.65,47.803099621345844,546.1017248223079,149.51868416674625,1007.8476123420078
5.666666666666667,47.55933915725204,544.7473617595202,149.7498752601886,999.9944099217389
5.683333333333334,47.39792918037948,542.7920173634401,148.29520475571326,1006.2847637321112
5.7,47.432843010586986,540.4491706320591,148.2888192010875,1005.8339377528831
5.716666666666667,47.32442821984488,538.6247773285164,150.6810668429583,1015.6098712827609
5.733333333333333,47.25193177711241,534.7218062937076,150.20548725657727,1007.9487712399485
5.75,46.87595244099889,534.753440504703,150.85780668250982,1011.1909332506673
5.766666666666667,46.801829674896375,532.6000309909188,149.7456095607015,1012.9598050125155
5.783333333333333,46.636313139120645,530.8921929294822,150.38582674347745,1014.734779133999
5.8,46.46991685634444,530.3105011956462,152.41469576254602,1002.3025102464069
5.816666666666666,46.766305826909,527.2356730985877,152.1083821919244,1006.0169455276472
5.833333333333333,46.47793337421858,525.1256767721918,152.63792379566038,1012.1630135226402
5.85,46.09473602695601,523.9876516905395,154.0631268596283,1020.1897359333425
5.866666666666666,45.953378059028466,521.9741337379352,153.95232002459585,1013.4954637258087
5.883333333333333,45.80384095315751,520.105950092511,150.5617347394487,1006.496134881033
5.9,45.74494608096456,518.8330873536361,153.86468874173568,1020.2493088259354
5.916666666666667,45.71277305730873,517.9026565444699,156.42500256209723,1000.2524582527631
5.933333333333334,45.76787065919441,515.3059586561722,155.26715984429651,1006.0759947563538
5.95,45.437952650666965,513.6195473463393,154.53584425945942,1011.3676172231707
5.966666666666667,45.404890803556256,511.5321445692799,156.1180837004732,1019.8169952218807
5.983333333333333,44.977864272020334,511.4356256517943,155.01911286881966,1021.3773144176154
6.0,44.974517939002716,508.25120002016,155.88078414478537,1013.1333303455076
6.016666666666667,44.970966974563694,506.7833933906242,155.54428723134978,1007.2484710539636
6.033333333333333,44.61229633544396,506.29044809682347,156.85723198544656,1005.6546939001752
6.05,44.58832908992633,504.2543886003552,157.68555824808735,1006.9846618966884
6.066666666666666,44.54443624209525,502.2358404375874,159.0909616006643,1004.8572739646635
6.083333333333333,44.12431956066527,498.105476303279,158.2699501566231,1007.3738791448616
6.1,44.263192315499275,498.5303917409537,158.05212071723284,1019.2628831647792
6.116666666666666,44.193663272166944,497.6076913653871,159.69255346082014,1008.7541931040857
6.133333333333333,44.063724815339945,495.2580984454489,158.5973651553114,1008.3308694893979
6.15,44.09896673686204,492.3194429408607,158.37874166203332,1007.4335529981233
6.166666666666667,43.84469592355403,493.334884919151,160.1743729055797,1009.6269970819104
6.183333333333334,43.348083758665965,490.4583040147417,159.60899744348924,1015.2422318446199
6.2,43.40551452589487,489.81313028286274,160.44404302905605,1006.182670775949
6.216666666666667,43.35845612421119,489.43427999753936,161.20001950238606,1018.4867634138055
6.233333333333333,42.946068285670435,487.3751145872621,162.4075751966359,1021.0925679607997
6.25,43.119496391362766,483.32602382652516,162.8492612252685,1008.2458707919008
6.266666666666667,42.82852141673442,481.4475979576047,164.17483493878728,1015.6816293492884
6.283333333333333,42.72190652019156,481.0161667871258,162.72170645665545,1016.9648220062913
6.3,42.71414413713755,478.103388081254,163.74395956601063,1010.7392617327952
6.316666666666666,42.67118437475549,477.6986431913952,164.2717115821174,1007.9615843228422
6.333333333333333,42.22257769709965,476.1825766848357,163.86593076214734,1010.8582241211957
6.35,42.45884856885509,475.8410193766814,164.97711329698856,1015.0133270014852
6.366666666666666,42.16566854008144,474.83606893997234,164.9255038007463,999.2317157541215
6.383333333333333,41.74485373814502,471.3835716345318,166.34289908239222,1004.9092148413586
6.4,42.0642706127612,469.1189839459099,165.9551800114821,1010.6927665714883
6.416666666666667,41.936945872907245,469.01875496062615,165.30211598610364,1015.3903376719028
6.433333333333334,41.45662404966715,466.1725846125704,166.9146472572893,1013.1962368403856
6.45,41.593299462641895,464.5374829968853,166.51070963175601,1001.6816504983011
6.466666666666667,41.27585689654685,462.1065200516742,166.02270552228717,1017.7637310989056
6.483333333333333,41.03267812659201,461.91732042499075,166.14987918903856,1007.2366795458604
6.5,41.111913867532344,460.15966835190784,166.95540767094312,999.0227638444013
6.516666666666667,40.9187479885109,458.71098115535625,167.16189493776423,1006.1992759585669
6.533333333333333,40.96612801192108,457.3953986681469,166.58048707463,1007.4541912411145
6.55,40.519911328215684,455.3112471763682,169.17449098483314,1011.9700345059575
6.566666666666666,40.6204386460571,454.1486661380245,167.49873490566733,1011.1609764914253
6.583333333333333,40.61556254372021,454.32622235449065,168.55001536636843,1011.8214316494599
6.6,40.17863815831972,450.74494989321937,170.53075444055622,1014.9370030048813
6.616666666666666,40.26539215065635,449.80128003285074,169.55309269003016,1003.4114555315637
6.633333333333333,40.17300053716541,448.76431887250106,170.88750453463942,1009.885939676902
6.6499999999999995,39.675350662394955,447.427467283129,172.39036937672893,1007.8136678132485
6.666666666666667,39.73621085296765,447.46670442801906,169.71575240695603,1012.76541667304
6.683333333333334,39.71048546954806,444.6043141037412,173.67500992242856,1006.2458584260183
6.7,39.619125226879135,442.2854347934117,174.1711190976256,1003.8446576723384
6.716666666666667,39.34032672879999,441.5479780285862,170.6780722077459,1016.0605242984778
6.733333333333333,39.277769386056015,439.33921642370655,172.50902567668533,1009.3493367722251
6.75,39.27087101105454,439.6813988983963,173.7108779359358,1019.7293683151066
6.766666666666667,38.73475287359327,436.9901291681753,174.51585999518514,1006.0755113408495
6.783333333333333,38.83856932029914,436.0137056237103,174.66230469348574,1001.3083212144765
6.8,38.80165108317429,433.61645762600557,173.87829276047464,1005.7457836467278
6.816666666666666,38.74958527664618,431.27940443184053,175.96125579429858,1013.0964248514589
6.833333333333333,38.43972622517773,430.7714066321098,176.99397697008808,999.8571829035283
6.85,37.943106076940566,429.4728788565499,175.10023565488297,1014.1487329096744
6.866666666666666,38.076520828875445,427.9121504447393,176.48187137380228,1010.0872464257874
6.883333333333333,38.173815466799475,426.09161184568023,174.65733994492317,1006.9136548735454
6.8999999999999995,38.04484354297201,428.0075484502752,174.61141476406968,1016.3832741851485
6.916666666666667,37.85669303907226,424.2703337143871,175.1798888657913,1003.8398410599224
6.933333333333334,37.632829707960255,424.0996857248527,176.73233431120013,996.526937894825
6.95,37.32037279145416,421.39490605279,178.0692035474397,1019.7003076436989
6.966666666666667,37.26673780189905,420.2050259937663,178.00839421691632,1008.2491552939388
6.983333333333333,36.91979224058924,418.8151651578904,178.06182121540985,1004.9199254896445
7.0,36.91963070764652,414.973995566097,178.98074985856155,993.9653520949607
7.016666666666667,36.76076411070183,416.7974895142152,177.85783563791446,1003.9927467753499
7.033333333333333,36.97109144697395,414.6605830956633,180.0872645013257,1010.1593529598633
7.05,36.60050279687684,411.68356231870575,181.37680573381616,1016.2786359073749
7.066666666666666,36.251458684216125,410.93017155415833,179.3750751587059,1010.343888866908
7.083333333333333,36.260273147994894,411.1482762196147,181.4047057545112,1002.9648983323158
7.1,36.060390163666256,408.7493795865653,181.5311821997199,1009.1004232393447
7.116666666666666,36.20518164432766,408.5107982300966,182.32746950199638,1014.8879893986146
7.133333333333333,35.978443543309886,404.354486451442,181.20191586336702,1013.7094858739554
7.1499999999999995,35.85250768265927,405.2856982128981,180.41666643661625,1013.591635742538
7.166666666666667,35.717890245103284,403.3655685072772,184.47478119206818,1016.178757745279
7.183333333333334,35.20164140466994,400.619372280739,183.11246732064444,1008.2812277127072
7.2,35.28598364817491,400.1319898888956,182.14760460266749,1011.1454125599475
7.216666666666667,35.38858539235021,397.1548255770254,183.34749962376716,1004.9274470005276
7.233333333333333,35.12785362661184,397.93354135900404,183.53615410461245,1009.6122815692565
7.25,34.867170776385926,398.0926391273171,184.4236948695661,1015.4628582657155
7.266666666666667,35.017563528440824,396.7402645398206,184.6064482668179,1003.1181317651475
7.283333333333333,34.575439793636356,394.0597034601252,184.290267912512,1001.242464317655
7.3,34.62095904864862,390.84597220910814,186.22383163321658,1011.9303926496767
7.316666666666666,34.56305197160833,390.0617434952858,185.58154884740347,999.9849396459861
7.333333333333333,34.4540335569167,390.4822369150876,185.0527204850506,1011.196771514532
7.35,34.305731632636764,388.89270490092696,186.61784697640203,1017.948010366389
7.366666666666666,34.0455877542549,388.2316953676767,186.25112977622751,1011.9053622105668
7.383333333333333,34.052695312140024,386.73206730400267,188.1490250710629,1008.4093892941172
7.3999999999999995,33.88796849500239,385.43205290965494,185.5416017885477,1017.2412004035243
7.416666666666667,33.82657817968082,384.85921089183665,186.45427426425323,1014.6483446689545
7.433333333333334,33.58639634048065,382.8676428934462,188.5871248880414,1016.1370423838002
7.45,33.53599401334402,381.2296190784344,188.55602464471227,1012.3368413933127
7.466666666666667,33.35265849498971,380.81390624356834,187.87304730586052,1002.5410113721517
7.483333333333333,33.24919803823193,377.9362113781518,187.91511611395967,1005.5654565982625
7.5,32.95324506513568,377.5025899618581,188.7644065759739,1011.9723530500825
7.516666666666667,32.72463971411478,376.95278689779974,189.13245069095237,1014.3598047303772
7.533333333333333,32.86049927890906,374.4231253011591,191.8218717732819,1002.4568743277716
7.55,32.31603189304572,374.2555566794943,190.8234307883727,1006.5655493572564
7.566666666666666,32.31531327139394,370.33597398609896,190.70782003255798,1000.654408826804
7.583333333333333,32.256425749601384,369.6624418460967,193.26852059759418,1018.2384478041282
7.6,32.343924771733114,370.3550519004332,191.26379600937327,1008.0078861686995
7.616666666666666,32.029437402250096,367.42803740013693,192.445984663891,1011.9278795136205
7.633333333333333,31.692342413962063,367.1645781204748,192.54886958568355,1005.7303886192211
7.6499999999999995,31.666356279293552,365.35184250008405,192.08419584612577,999.0622810099678
7.666666666666667,31.50018974155366,365.8846665957568,193.57877278641968,1010.7106322879181
7.683333333333334,31.28779126775972,362.96038652647974,192.9265054227588,1009.7005427774201
7.7,31.630580317145117,362.3889362463353,195.3081011876022,1013.5148572649562
7.716666666666667,31.292407002248595,362.54511665673743,193.6997459774643,1013.2945538535236
7.733333333333333,31.123335710125307,358.7931104488412,194.67224609499183,1014.7136673879328
7.75,31.125945264953845,360.7718043702778,193.5668173560641,1007.019493948249
7.766666666666667,30.966350386333733,357.38686571510175,196.25805287708158,1004.8732252908528
7.783333333333333,30.53069799691359,355.6616916615957,195.642557416454,1008.2157144511643
7.8,30.50458849611408,354.7779594486033,197.46234642853548,1005.6411383285434
7.816666666666666,30.419954110887453,355.11984128123663,195.37193415046755,1009.3521802406691
7.833333333333333,30.007255295521155,353.29583924522467,198.2143334416357,1005.3303868530111
7.85,30.226089739393245,350.59493194308317,197.87699242514577,1006.4515904861481
7.866666666666666,30.06508991729126,350.2627458819347,197.13148667817123,1010.7451665441773
7.883333333333333,30.020967152967447,348.9858977042565,199.6962792555626,1008.3709070668978
7.8999999999999995,29.568615271551483,347.6665415251531,198.44868216356338,996.8567049542858
7.916666666666667,29.497908672728986,345.6382989814651,197.33205017667632,1013.4171455044717
7.933333333333334,29.302784029372972,345.5410348812895,198.70786177236397,1014.1766882302758
7.95,29.401262336635025,344.9835970050127,198.22885234300807,1014.2364798837788
7.966666666666667,29.10057721357494,342.9380511397965,199.99791268786709,1006.2793926140797
7.983333333333333,29.126844259254803,342.3339426392893,200.373988975088,1005.0708569366074
8.0,28.725872263851993,339.4287135660414,26.110463348564064,1008.2105234435832
8.016666666666666,29.006881535217776,339.72906978366115,59.19069218780638,1008.9828931698147
8.033333333333333,28.807501991483523,338.1378508162562,92.6481573835714,1010.1425040128491
8.05,28.723650925966147,335.70309884745603,125.70807610959922,1004.6421567235157
8.066666666666666,28.102959030098027,338.5760532784787,158.78709944053327,1022.4716459134081
8.083333333333334,28.046570608762412,334.6195491426752,193.90421640572103,1002.9899175727705
8.1,28.240794044651896,334.2156037154504,227.86594607195795,1013.1265766460756
8.116666666666667,28.193657495793552,335.49142424478225,262.1646826057948,1008.3390385083313
8.133333333333333,27.952084368678978,333.07136776875006,295.6903187498053,1005.027292907432
8.15,27.824268475386823,330.5813035891226,330.4473449717306,1011.9997193534876
8.166666666666666,27.539606562304094,331.2439916460906,364.3512166795728,1005.6560974328443
8.183333333333334,27.495180498852015,329.02648788587123,397.866487041517,1003.7004139927003
8.2,27.194285210900496,328.5071382995422,432.0885315180397,1004.0902607742114
8.216666666666667,27.45412565752378,326.01692429940226,464.3601503811371,1007.3526174228907
8.233333333333333,27.326131562088708,325.06653122938957,497.51847238322296,1010.4650851716871
8.25,26.944234914086973,324.39044638857473,530.2999272435834,1012.5682247919362
8.266666666666666,26.664082280892917,323.9989048610553,565.9826973219446,1014.2775263447037
8.283333333333333,26.64058954356406,322.7716743693447,599.5945846494026,1019.1688840418298
8.3,26.49243942629445,321.6645048287029,632.5608451902115,1008.6080113309646
8.316666666666666,26.530049204652382,320.70175982828823,668.5269794005012,1010.0438324672044
8.333333333333334,26.102732487319642,319.15225225852726,701.2532376416872,1006.1248809480177
8.35,26.07696182775688,317.76666461580527,736.8108197885441,1018.1845258275924
8.366666666666667,26.153217594482985,317.6455766580487,769.0203949740473,1017.4807658382068
8.383333333333333,25.774902485657382,314.793773406369,803.1563011479134,1019.2167695656335
8.4,25.833004545836662,316.509036896077,835.8242752124721,1011.8857367786029
8.416666666666666,25.8186757732732,314.0112367418547,872.2191549361446,1013.9159081642676
8.433333333333334,25.59575866419805,313.7605292308067,906.1710635459995,1014.3055145950111
8.45,25.334196782482763,310.99046324451893,937.2304868529138,999.4525838131494
8.466666666666667,25.13395740155145,312.6003630360322,972.2992458936432,1015.3401406173695
8.483333333333333,25.076214720454804,310.710054104752,1004.8025066705877,1008.8671059041029
8.5,25.029474426518142,309.37395317104006,1042.5257082163819,1010.180286022221
8.516666666666666,24.938909540267137,308.55676887476915,1035.1227112186682,1008.6959738436766
8.533333333333333,24.567664555113094,306.1057719750203,1034.3033330971393,1010.6562738912595
8.55,24.614029403186255,307.1703990118624,1029.3589642109669,1009.8775698333776
8.566666666666666,24.257733090484695,304.41381022012587,1026.341280088987,1007.6694916117567
8.583333333333334,24.239211406250725,303.79446998682414,1022.9092982653526,1011.0625479200324
8.6,24.265202699419444,302.86072624825186,1021.3534507244518,1010.6075198270272
8.616666666666667,23.935687825424015,300.9753788448797,1016.1259769673877,1008.0349293434715
8.633333333333333,23.9716977563671,300.34365202035593,1013.809792314556,1017.1720653698486
8.65,23.662071004792107,298.6764109868628,1007.9831894406414,1007.7891439246416
8.666666666666666,23.407828704749722,297.90550135092803,1005.6526009440479,1008.3896818493209
8.683333333333334,23.593172241086044,299.0271834983738,1001.7637831716781,1002.3418246058427
8.7,23.52355791804886,294.9703431334562,999.6111947931195,1008.9881855705096
8.716666666666667,23.58300282004601,295.5113904910597,995.9979811249241,1004.2412853056812
8.733333333333333,23.099456357668437,294.8259257023171,992.4067681195174,998.5242144389632
8.75,22.942351966784347,293.48992939677885,990.3237832758738,1002.2342368550326
8.766666666666666,23.08143564382876,292.8341868061296,984.9546753516156,1009.7466901962755
8.783333333333333,22.905365866324928,292.4361713288591,985.0369086521533,1006.5208203956943
8.8,22.53357411630537,291.40597061964496,978.8591147526068,1000.9813256674596
8.816666666666666,22.389945886250903,290.57641819617646,975.5889425796821,1019.5871456879327
8.833333333333334,22.320182256508534,289.12106826296645,974.1449199248941,1006.6710291269483
8.85,22.30490264059328,286.6333303322214,970.9486415344313,1012.4145758809881
8.866666666666667,22.29585474177143,287.56183658653265,965.1178001923887,1013.2500360707916
8.883333333333333,22.077825445102683,286.6000850126857,963.0387305372658,1013.8689607636557
8.9,21.804466122154956,286.42203181022984,960.9484580907575,1009.5807244305988
8.916666666666666,22.036723180882436,285.37966844423966,955.8070744855472,1007.2914133749598
8.933333333333334,21.64870189827706,284.25819233951023,951.5630938914472,997.8756177786829
8.95,21.482770045565594,280.9245062828898,950.2347723251655,1008.5605517361927
8.966666666666667,21.4814247345174,282.18940088972204,946.4123905820398,998.037061340812
8.983333333333333,21.365102012158154,280.8304944561913,944.8513538743882,1007.2619468712023
9.0,21.29641783287091,280.72850078742607,940.1924740352657,1003.4491211262639
9.016666666666666,21.09793540802855,277.7020781410136,936.8120118280744,1007.6658410532367
9.033333333333333,20.832044784582447,279.16520686308365,934.8227520902439,1010.7693773170946
9.05,20.590692288824933,276.7519520015506,932.7928612831755,1008.739392990158
9.066666666666666,20.847089368852494,275.2527904082649,928.5468899620515,1021.2787562913913
9.083333333333334,20.294149166051266,274.33343240333505,925.193853659772,1013.3244866658831
9.1,20.622521460661563,275.94467294983707,924.1650950477687,1014.1269944760659
9.116666666666667,20.317192597021776,274.0402685340143,918.7478890292256,1002.2592844444204
9.133333333333333,20.31944010783726,273.88924547748337,918.2523868823955,1017.8874868175099
9.15,19.951067182888348,270.4721065418846,914.4732802245261,1009.6024825420053
9.166666666666666,19.880676577258566,270.4500305121967,910.0450612978536,1014.3992677946705
9.183333333333334,19.860720425294932,269.8531372957844,906.0151643734675,1008.3655773902559
9.2,19.732300374856926,267.4559283713039,907.3561224579465,1010.1957351850235
9.216666666666667,19.435493564896696,266.75553713440723,901.4380558092901,1006.6065796142783
9.233333333333333,19.5738178251892,267.45901280502767,898.6963311262774,1015.0495689969118
9.25,19.274847261496035,266.3942997310191,894.0758931520553,1016.4541079624603
9.266666666666666,19.20498661064829,264.51554372592994,892.2341440377294,1027.3658215245828
9.283333333333333,19.19700116954817,263.7326365078833,889.7689194618956,1005.8986431541986
9.3,18.88506800319151,263.518934360896,886.5707564338418,1027.2044891478527
9.316666666666666,18.72514228981286,262.30089578839505,883.7748683464474,1003.4016345676725
9.333333333333334,18.69206454540228,262.1911669299833,881.6973840004362,1000.5092910360567
9.35,18.637580955208303,259.7698566087725,876.6489781049835,1015.1069259412483
9.366666666666667,18.571356343991326,258.8057358273348,875.4213874240723,1013.9493275314206
9.383333333333333,18.413821418777573,259.29946234373307,870.1994487445326,1013.041834523516
9.4,18.231587776721472,257.3645888041317,870.0877108554977,1017.5830472107333
9.416666666666666,18.073613469743336,257.42521732615273,866.3418131017982,1005.8283974899662
9.433333333333334,18.014889978102314,255.91717373750907,864.5016131111371,1018.5088957805544
9.45,17.687487662624832,256.5816961790419,860.1139288745266,1006.7199320120985
9.466666666666667,17.52042419000395,254.09755895857495,856.4465294315676,1008.9507591649434
9.483333333333333,17.571334132495647,253.7250393357466,853.5259147687713,1007.2940529982977
9.5,17.45031714875697,252.52319902736775,852.9340792499863,1006.0546930734364
9.516666666666666,17.283168294879612,252.981511731415,848.8413926792603,1011.0752348374856
9.533333333333333,17.174384266317897,251.10126886538913,844.853973168212,1004.5277966135768
9.55,17.304942071222904,249.13226758626985,843.4629932850161,1010.2243934249349
9.566666666666666,17.102823917529093,249.01798339765912,838.6812586984673,1007.3342070280288
9.583333333333334,16.861506246816774,247.36970606709832,835.6635605797036,1005.8000842785897
9.6,16.96727233787147,246.4222642503285,837.6803274098596,1011.5564834935569
9.616666666666667,16.543542717650258,245.5962016585667,832.0996492178778,1016.8741200929132
9.633333333333333,16.14440410489096,246.01786326993079,828.8190611585944,1004.7460830862451
9.65,16.461944572179412,246.5249865575182,827.0279911770348,1009.9777441628214
9.666666666666666,16.26104393119824,245.54526291591958,824.3035151605881,1015.1476946526699
9.683333333333334,16.19388412359399,245.3638233302389,819.5870373706534,1009.8879304098023
9.7,16.213953286276666,244.0782872034695,817.1293340944438,1011.344752848786
9.716666666666667,15.980874925511852,241.81852674101245,814.151845818295,1005.4912635395374
9.733333333333333,15.750600407476119,241.31501683396974,811.3325501446238,1008.5116082471534
9.75,15.827844872573607,241.893339454427,808.5059032753467,1015.6927387823266
9.766666666666666,15.589095705458107,240.0689532018408,807.5000753512618,1008.1220484132981
9.783333333333333,15.680360766017468,239.0272568729761,802.409515624914,1007.4590494233973
9.8,15.357753007737402,237.52182121355747,802.3026583968262,1009.0045687869252
9.816666666666666,15.30425578876004,237.17136098146665,799.7139228323042,1002.611991834687
9.833333333333334,15.38998520244153,236.99356061790317,795.7836521319501,1000.3265384033336
9.85,15.011190414180414,235.18195844089044,793.7665342734823,1005.5688804003665
9.866666666666667,14.8633495199925,235.4837010371946,789.251647175086,1006.4581599949074
9.883333333333333,14.980433675298976,234.02456010314708,789.0209780564015,1010.0631783036786
9.9,14.829607628696742,235.3875960449024,787.8597072842163,996.7291299413656
9.916666666666666,14.568113510369633,232.58380988820596,782.0194997000009,1018.4375812493483
9.933333333333334,14.669769139067046,229.62111581519815,780.7149191929476,1012.7486861845193
9.95,14.502336264683338,233.03115969526755,778.8984959108352,1008.0692588029647
9.966666666666667,14.314952228126016,230.56972455600246,774.6489566594292,1008.7688242755003
9.983333333333333,14.439479520642253,227.26890491907844,772.5883837937641,1000.3893495112176
10.0,14.054801957398816,227.70251082300018,770.226808098723,1009.6927219502165
10.016666666666666,13.77272656650787,229.45757668242473,766.8678593402338,1008.9501226062151
10.033333333333333,13.791551580557337,227.05189367680424,766.454690367031,1010.9541557806468
10.05,13.8066536692977,225.7274663483291,762.8348530080553,1005.2884174917293
10.066666666666666,13.716786753377686,225.4536909226761,760.6170741627627,1011.2726859643737
10.083333333333334,13.627908753864723,225.2222998256918,756.0291948958334,1005.2609155907724
10.1,13.294451246004593,223.89647931244878,753.2813017123088,1012.7037913295661
10.116666666666667,13.243152850842216,223.25662491848993,750.8456320392404,1002.9434624538825
10.133333333333333,13.444192989046206,220.90112629864967,749.2182093123827,1001.2773147805631
10.15,13.054992457365605,220.60169613433928,748.9922512745487,1009.4328818480365
10.166666666666666,12.840824717687848,220.79587929021886,745.5976593329513,1003.4820777063543
10.183333333333334,12.884370552904976,219.73278914571623,743.6249783135953,1010.2501513030043
10.2,12.949024344772555,217.7802455471729,739.1047499166654,1009.3622218832231
10.216666666666667,12.335392894435536,218.07883766770186,738.7981753617557,1012.0834412398792
10.233333333333333,12.61762407813864,219.58262802244283,733.8219429109987,1010.3556535853925
10.25,12.5733432325965,218.7550311709826,733.5524170722988,1010.8286353603477
10.266666666666666,12.461284011322794,216.53918139140092,731.3975535108599,1020.9890218386236
10.283333333333333,12.286101790467894,215.0636153207775,726.2341321958802,1014.343522430572
10.3,12.123583530037058,215.6054634582056,725.4074847138661,1007.7094541435546
10.316666666666666,11.96176407904783,216.02853951703486,723.7971837873715,1017.2475026533007
10.333333333333334,11.90559481818124,214.65470374141375,722.338193871079,1013.5997600808454
10.35,12.237113963232636,214.80595442542983,717.6930805564793,1015.1323907189841
10.366666666666667,11.640232638977476,212.84951381237843,714.3998102428419,1011.5995988907744
10.383333333333333,11.428484373281936,210.7255256890563,713.5807999227629,1000.5531058539507
10.4,11.371059001781576,211.60576749108682,710.8727148118207,1017.3362945551212
10.416666666666666,11.69992635445846,209.35269522613285,707.1986716538737,1007.2658785556334
10.433333333333334,11.375672123320772,208.4703491537616,706.1602865577642,1008.3561498618403
10.45,11.273579276870946,208.550277958866,702.6251339916097,1021.0267951706235
10.466666666666667,11.113728320760396,207.06327173989789,701.6847404559568,1013.010232090855
10.483333333333333,11.112268015476106,206.60263734952088,699.4035940256315,1008.0401346829353
10.5,10.972983973877176,208.2152374769341,695.7530230492137,1009.6358927793045
10.516666666666666,10.730800272128521,205.76973906041468,697.0911529261783,1004.4092813239204
10.533333333333333,10.910547368327295,206.46662247481677,691.8899862643582,1014.5251283511077
10.55,10.757256766266849,204.68964083891044,690.1348549603276,1013.0032484177328
10.566666666666666,10.417939414890615,205.56711741804298,688.223087866696,1019.4135237037104
10.583333333333334,10.317163001905197,203.50132646890916,683.7563139537963,1000.3123381606445
10.6,10.306607784576908,202.59697044965412,683.2473415759482,1008.9323852340175
10.616666666666667,10.101179116925492,202.9417827777204,681.1964048845996,1012.8227203685362
10.633333333333333,10.114341149833205,200.85022480351375,678.4798004590699,1018.0034434861213
10.65,10.210920615969073,200.23421644009397,675.9221880822063,1009.7943774372836
10.666666666666666,9.924803204081938,199.84880121150374,673.2582710379062,1009.5809196434385
10.683333333333334,9.722033226002067,200.39649146908263,674.0408174698916,1014.619320145216
10.7,9.91325810695745,199.26940598193133,671.1845664769519,1014.5677101634409
10.716666666666667,9.618901804494664,198.6107190416013,667.4552884604809,1010.3959933447553
10.733333333333333,9.520217652800248,199.02539887464192,665.5263367467709,1012.624980342192
10.75,9.476474872565769,197.4503750225458,662.3863515823357,1011.1769442151041
10.766666666666666,9.377936016862929,196.24659313900557,661.784883618321,1001.8059073247024
10.783333333333333,9.478231242029853,193.8339726460265,659.6393914522283,1015.5402703084418
10.8,9.572664985196504,196.09704112624757,656.8991386113007,1009.8117241455354
10.816666666666666,9.269237420414814,194.28102343099232,654.924746536963,1015.3307196769474
10.833333333333334,8.74055077325998,193.1658841479567,653.214535418421,1005.7426243255488
10.85,9.165776767084992,193.05358555235125,649.99354315665,1015.1586397901867
10.866666666666667,8.947214148062317,193.4984703472432,648.1263738205208,1009.2998286797101
10.883333333333333,8.879214740430227,192.99400051584212,645.6619189084292,1018.6745884464402
10.9,8.725981271002683,191.27667648774286,644.1261723141484,1010.2907028638357
10.916666666666666,8.719585544994874,190.53743277071663,640.668281450812,1013.9113748242124
10.933333333333334,8.757354536647076,188.6876729882127,638.1013879013699,1012.905676711129
10.95,8.56813915308054,189.19780696941183,638.6161192509301,1006.405119304385
10.966666666666667,8.463213591658295,187.4130180361371,635.8420258720894,1018.347161911139
10.983333333333333,8.357315721916057,186.1944414039607,633.8039202991362,1012.2053656285244
11.0,8.059352340819267,186.78201632659705,630.6794880900563,1005.2033356230277
11.016666666666666,8.194412770040241,186.8878728124625,629.0061466449048,1017.853001826551
11.033333333333333,8.140625437810547,187.3731917386456,627.2820054632601,1015.2960949843311
11.05,7.644780999780968,184.20820923269187,623.7924102203319,1012.7701784115269
11.066666666666666,8.039663587133058,185.31431285141147,624.1634789641522,1010.76073603407
11.083333333333334,7.829472530802661,183.35923306458656,619.8864439958784,1010.0392140813556
11.1,7.849651689460591,183.1952828977726,618.4981301382965,1015.8984436663112
11.116666666666667,7.863459186409171,181.24397740924067,614.5903776561065,1002.8501365765442
11.133333333333333,7.710861322016939,178.48030909951908,614.0278583066106,1008.8810882078506
11.15,7.405811539281876,181.93232673001344,613.2382232341641,1024.722865507813
11.166666666666666,7.194262400009288,181.47782950018208,609.9104764161827,998.7899725634732
11.183333333333334,7.332340571576916,180.68103101558117,608.3535260437274,1008.5995837342299
11.2,6.988669426104233,179.75336078065726,606.9233392014812,1009.3495093138738
11.216666666666667,6.986035209410401,178.98817404347665,604.2337891651151,1000.891158006343
11.233333333333333,7.0650004846329635,177.4990504760131,599.6570403587853,1006.680217613077
11.25,7.070108564732189,177.76439067578647,599.2648583026099,1011.3721976507271
11.266666666666666,6.831569597906974,177.26405742283862,599.0994612676824,1011.342871810445
11.283333333333333,6.904073961119896,177.5909863734941,596.7347289891163,1001.2166182950226
11.3,6.682688837889969,176.54650845819248,593.4309942865348,1007.9131403593266
11.316666666666666,6.651661171595123,174.07055723758026,591.8879726976652,1010.8078482501614
11.333333333333334,6.618706225238186,173.42573064151168,590.748476048712,1016.2160373401028
11.35,6.399996169276267,172.97042249681994,589.5034538263085,1004.8331248257479
11.366666666666667,6.471158074849107,175.13510959757386,585.9729378351326,1009.2801125564797
11.383333333333333,6.340893730143486,174.46154055972931,584.9148305005543,1011.8767131354867
11.4,6.131605490293706,172.49999821887323,583.2918362116417,1006.5873998247758
11.416666666666666,5.902263452377236,172.13498980157112,580.667931365812,1014.5172624237024
11.433333333333334,5.948161109998587,171.93265660434713,578.5416159408602,1009.9551774214796
11.45,6.147642138089115,169.27307717376658,577.1507539728677,1009.7732367673829
11.466666666666667,6.004787068634773,168.36334402960946,573.0614006393713,1006.7238562802329
11.483333333333333,6.192631333984839,168.30237076254855,571.2616587538907,1023.1800457961609
11.5,5.549457889418435,169.64837401371207,569.279882951497,1006.5813873247183
11.516666666666666,5.3033354075269745,168.08588985395892,570.2374489407546,1013.549851301789
11.533333333333333,5.749236964652828,169.0706048741687,568.8614109017574,1010.1762170553783
11.55,5.537612897537897,168.92249248883115,563.4023460652173,1028.368398836038
11.566666666666666,5.755484006253379,168.27195331265847,562.4568707109432,1006.9810412661684
11.583333333333334,5.535611156181817,166.05091370402448,562.8956176389887,1020.6572306948134
11.6,5.322061524313663,165.41256712035917,558.9469272858306,1013.1716819054418
11.616666666666667,5.3181523636370605,165.7711875094703,557.1426616249847,1010.9500413137787
11.633333333333333,5.336858352446105,165.11674256890728,557.3698776580113,994.126075143173
11.65,5.166693489171009,164.30912835337344,552.7985440470133,1014.0287983397899
11.666666666666666,5.205173618829531,164.6875320292047,550.4705268192611,1000.7469460916799
11.683333333333334,4.983471984430652,164.02669864596373,551.7319070528713,1003.5954476585274
11.7,4.957661968399316,163.7896730466225,547.3494590374225,1005.6590081371421
11.716666666666667,4.614611929528368,162.81227396860461,546.3739633414918,1013.0011596586206
11.733333333333333,4.93733602076808,162.04438103774157,543.4818926492308,1014.5352450147617
11.75,4.773550644543748,161.36122290287253,542.7174065869909,1004.6654753424059
11.766666666666666,4.5826631431927085,158.91233323529104,541.6095272955549,1002.3810126596702
11.783333333333333,4.51513071350806,161.5294045132708,537.5751442180702,1004.3605728051332
11.8,4.4545802940381725,159.54073035142721,537.5422904806071,1016.3414532303976
11.816666666666666,4.508757705795847,157.57231403221746,535.0111774481283,1022.1782785598191
11.833333333333334,4.303630517948903,159.04757246858662,534.4944207317783,1000.9249281375836
11.85,4.190879980293652,156.77198803140672,532.2776889979651,1014.048702425266
11.866666666666667,4.282577601505001,156.92167146054493,529.3298406000853,1012.5637919492171
11.883333333333333,4.174638649275185,156.2030507367645,526.4849356996016,1008.1443825290721
11.9,4.286950866761395,155.15376006469285,527.2745256995302,1006.3043750933834
11.916666666666666,4.302676531296507,155.45685799837167,524.9210861539607,1012.6332739401806
11.933333333333334,3.8722915001663694,153.94619852709397,524.2385762927755,1001.1243749849712
11.95,3.807360581253961,154.34010684923499,520.7925548474201,1017.3932458125707
11.966666666666667,3.8919119284214596,153.54807092810816,520.2173383736571,1004.0734275179844
11.983333333333333,4.104268658250465,153.14526580159938,517.9544101344076,1016.275071795311
12.0,3.8511344142638873,152.2988326747136,515.9988029858188,1016.3159257172612
12.016666666666666,3.5526314483644694,152.23313636454682,513.2584362795773,1003.4536302806828
12.033333333333333,3.6970167233368696,151.18679795397105,511.05166429001605,1015.5441249771068
12.05,3.517492623883046,150.7570419696605,510.30987322197217,1009.1029796300761
12.066666666666666,3.436433430395178,150.6133327962294,509.57635506528527,1005.7178599820498
12.083333333333334,3.2491028970800557,150.56110636018138,506.9015455379215,1017.3004688230305
12.1,3.512399732208782,148.24953150943364,505.9627087085052,1006.8036157468648
12.116666666666667,3.3212331663369383,149.04662093967724,503.66326090357387,998.8832786962088
12.133333333333333,3.508542338287472,150.44440093880056,500.97953744628563,1007.1119306286794
12.15,3.1716379756350355,150.26849224007225,501.7226475912955,1009.8477115600446
12.166666666666666,2.946720740893571,148.84664337712007,499.3046546606138,1006.7003727516952
12.183333333333334,3.186083680001647,149.0954356630294,498.81436682076736,1005.1205459614392
12.2,3.316296245489549,147.39434611771097,496.3879426688866,1008.1357079692291
12.216666666666667,3.096367729697528,146.94572107938313,495.266770678419,1016.3596693747168
12.233333333333333,3.0272974023297747,147.36189175690504,492.1800443095673,1012.971421223227
12.25,2.9839425060088964,144.58109298035606,491.7761749719835,1016.1073656177379
12.266666666666666,2.9274070655516726,145.91264591845385,490.1644915334293,1013.1176312109263
12.283333333333333,2.6054867301829137,145.01259935408024,487.8412799797687,1015.6738511127311
12.3,2.5480486455472553,143.78044987583084,487.7844674789331,1006.2490384811143
12.316666666666666,2.454936693288059,143.11727093908942,484.4675953969917,1011.073327978388
12.333333333333334,2.444276776038946,145.06946962588532,484.4139254350663,1004.4788013793376
12.35,2.680116708838535,143.66930344605112,480.63812965631666,1009.4633428789153
12.366666666666667,2.6436320075580735,141.51789950626417,477.37810168104176,1018.4969353676885
12.383333333333333,2.55747056383219,141.41105179457145,477.9592320660958,1012.0822822029714
12.4,2.7336180070411884,141.85307776863593,476.6404140918693,1004.4563908790547
12.416666666666666,2.5479333313535357,140.54533892012117,474.62336161492203,1005.0886823843872
12.433333333333334,2.2845444175859084,140.1944472065353,473.9685897020093,1007.0714032209322
12.45,2.215129635672602,141.042721355396,472.5389501957611,1011.7466022406009
12.466666666666667,2.266911628649373,139.21927609825383,470.66580778213273,1012.5771240372226
12.483333333333333,1.9739869879516998,139.50639071621217,470.28254845943627,1015.5191346269058
12.5,1.9710209234272402,139.63165928170528,469.4408809653136,1014.983516886767
12.516666666666666,2.3346857963530123,138.23514063163645,466.2515671715488,998.1127792982642
12.533333333333333,2.341464134671611,137.86858014583888,464.13629344633097,1013.1371372068352
12.55,2.072984977927779,137.67448077711063,462.3315409394132,1012.4560677905123
12.566666666666666,1.9122628646920758,137.57704418079518,459.8620046056471,1011.6240000103292
12.583333333333334,1.6269066600009605,136.978435796153,460.84606987596845,1005.5196036628
12.6,2.0076699268943026,137.10285984235273,457.54148808052025,1011.893116292887
12.616666666666667,1.9892696772379106,134.85113721094123,456.9226835346987,1023.6355437138981
12.633333333333333,1.8485377641289924,136.0038622911406,453.8232750092103,1014.8111318703649
12.65,1.6543554764393815,134.03099574239886,451.4057189681455,1001.1344679342608
12.666666666666666,1.5193050988710994,134.84524711671588,451.27439656762124,1006.471947935566
12.683333333333334,1.680653304143626,133.0485089095761,451.3433340238182,1011.6574805984986
12.7,1.601223999337996,132.82464100887708,448.7428705949532,1013.3174162582313
12.716666666666667,1.532792825754984,132.95419657722954,447.0695015312622,1010.5036028378605
12.733333333333333,1.4666816925813562,131.82208959470097,447.39694211165954,1014.8434861788681
12.75,1.575499479734347,131.3279912373555,444.9598684548154,1017.2788933547307
12.766666666666666,1.3869192724562056,131.1215307258417,442.93696175187443,1005.3150899491862
12.783333333333333,1.276458710384157,129.92138084000032,443.2633611242037,1017.0949418394523
12.8,1.425807340903389,132.8081582883417,439.45714231650453,1007.1557323767521
12.816666666666666,1.3101151825083324,129.82557061357164,438.02243241318416,1014.6055998461226
12.833333333333334,1.3233677141566382,129.7439706960757,437.25596792628886,1014.2754420562832
12.85,1.1563792041074537,128.4763007165981,434.42979860905507,1017.7810029102947
12.866666666666667,1.2729561471146917,128.5025656509913,434.9601299258018,992.7594813933562
12.883333333333333,1.332464291302335,128.35469831179924,432.64852487855,1011.6464369870146
12.9,0.8020033344026272,127.9532787502914,431.4837428273338,1015.5109593859033
12.916666666666666,1.1174978019697845,128.4961727753617,428.76899638624826,1009.800550441983
12.933333333333334,0.8517426112194939,126.88587040327538,428.87737478260203,1009.6266281408159
12.95,0.9111398431740012,125.16963749233234,427.7921014758165,1003.6377854196312
12.966666666666667,0.7318052303947771,126.96470273425244,425.87670261706717,1013.2195847274427
12.983333333333333,1.0625422298194462,125.40890179379272,424.78878538978915,1006.4842862701402
13.0,0.9801226809882309,126.10119472587763,424.0984866138491,1005.2358580531553
13.016666666666666,0.7719472054873754,125.38948147917647,421.01891030495693,1010.2333449620503
13.033333333333333,0.6582449877407024,123.4954610243779,420.8528176944143,1008.1142579486813
13.049999999999999,0.8615935660911894,122.5899999466516,419.52242489443853,1003.0254605917281
13.066666666666666,0.7745193829887931,124.08132593931374,416.1973560479785,1012.9262614465222
13.083333333333334,0.9683449615347635,121.69289470379208,418.4995529812825,1008.3140446712929
13.1,0.9169846124193014,122.38906667258439,413.6311843798458,1003.9668856652004
13.116666666666667,0.8330596697708229,121.14400164392634,412.8434607945908,1018.497149741419
13.133333333333333,0.9557340110798143,122.05291246521132,410.81006759526304,1015.308734695829
13.15,0.788364540031859,121.12654064237358,409.7589614763181,1016.9916900884631
13.166666666666666,0.8689943629203336,120.36837327987843,408.97953983917955,1020.7372497553376
13.183333333333334,0.3530572789496595,121.78571432158381,408.6839227608367,1008.3525208078776
13.2,0.4696420464045135,121.2928725044201,405.7884356449796,997.3529460075139
13.216666666666667,0.47562093411052364,121.78191115077473,404.96639163383975,1005.3673365947743
13.233333333333333,0.43990856665685646,118.98836676101114,403.30743167654373,1009.4392434072363
13.25,0.4408990049672379,118.51197001074112,402.7548812572132,1015.39576999766
13.266666666666666,0.7570442050342174,118.43034644914263,399.0551754862104,1015.3481087386518
13.283333333333333,0.6218207366950499,120.15107637440639,399.53235256685156,1017.9512674299726
13.299999999999999,0.2996127203157791,117.31344198793902,398.5794528538092,1006.4837130584941
13.316666666666666,0.5053862782700707,117.27876431808957,396.03984371266074,1005.9354576958402
13.333333333333334,0.3856638986536695,118.3952283396502,398.03329757377384,1015.6355316292764
13.35,0.4556631719871867,116.76163860644371,393.97071078084105,1012.0225623618419
13.366666666666667,0.28392344972057415,115.75966116829014,394.5017278196788,1010.047903909614
13.383333333333333,0.0010489649741333151,115.86694784234791,391.31864960706264,1016.0149887235283
13.4,0.18311342080220613,116.20105628934571,389.19106055389614,1022.8604497239143
13.416666666666666,0.3425653395967637,114.78747432245824,388.76137419674535,1012.1485138268009
13.433333333333334,0.028817221237262824,115.4070343578028,386.7168926168685,1006.511704834987
13.45,0.3817715414089503,116.05341930305988,385.6175389733686,1004.4566015194852
13.466666666666667,0.318648663933943,114.35873271203576,384.41293561679663,1014.283280123671
13.483333333333333,0.20891630740261954,112.40044336944703,383.8398189049611,1001.057446036791
13.5,0.6609800235053409,114.78856708262394,384.0387530714417,1011.3043867446147
13.516666666666666,0.4687821453663227,112.82213133840168,380.5193527256445,1012.5906369922083
13.533333333333333,0.0767185598398718,113.32650081684231,381.6185290728271,1018.2754955873805
13.549999999999999,-0.16850601895376432,114.59772257274793,377.3689443333862,1017.223731434275
13.566666666666666,0.2815900119191995,110.2124022275543,378.22152671044967,1009.6098407100865
13.583333333333334,0.3074279305190869,111.25630814051362,376.43534597754274,1007.0454284686788
13.6,0.1375274367095905,113.32829319323052,377.36617016346975,1006.2235250001116
13.616666666666667,0.11660147116684813,109.05433951044084,373.9946170107953,1008.3737226780156
13.633333333333333,0.30762119281888844,110.57351668396458,373.3916178890294,1000.6464721591133
13.65,0.09817187328975747,110.65603939924097,370.2589079646095,1001.6515399721409
13.666666666666666,0.09728828524855823,110.01795921099304,371.42754930767535,1005.9531343069297
13.683333333333334,0.0012100222026683177,108.84808992102087,368.4660905524125,1019.3612317221429
13.7,0.28601327187539494,107.76712379384635,368.4700427272611,1004.5188223270808
13.716666666666667,0.29545215238477196,110.4632726879515,367.3328470071026,1016.2681685749787
13.733333333333333,0.1954756616069145,108.17843985803181,365.0433120875245,1000.1973923059267
13.75,-0.14580428623141953,108.00321902721396,364.5784803344511,1014.1881909260192
13.766666666666666,0.14303573719503715,106.15556241916389,363.82566884606575,1011.8568427353204
13.783333333333333,-0.17369313444720538,107.59440347808932,362.7388848292289,1014.8022712698776
13.799999999999999,0.01655575796498863,107.77307516197831,361.8864168668935,1004.946616245577
13.816666666666666,-0.2697656266338661,106.47594843311857,358.8275626994572,1006.7401045723885
13.833333333333334,0.23910106928816538,107.56779927439908,357.6357719414169,1015.1541256955352
13.85,-0.09921001809426325,105.41587219584423,356.0169837340993,1006.5175172324052
13.866666666666667,0.19123472706643455,104.79229771952565,355.2605945200747,1008.567536975111
13.883333333333333,-0.10513195001065405,105.84301683277292,353.4362128877031,1005.1965305588209
13.9,0.05456092449608992,104.63551396900135,352.89297691352954,1014.4037934825188
13.916666666666666,-0.20915868389843809,103.74065723571695,352.482884045129,1010.8461717321914
13.933333333333334,0.21281381267995622,103.77924371700917,351.50295874004286,1013.0656625825023
13.95,0.1244144482833765,104.39677393464915,349.9474647560587,1010.1956829900029
13.966666666666667,-0.13498862280971702,105.30316072593749,348.9123775910699,1007.4990144280483
13.983333333333333,-0.2026329565913306,103.601485760463,347.2402502829537,1003.0683693169556
14.0,0.05667821961113019,102.95454686572886,346.65002668604694,1008.7534175645065
14.016666666666666,-0.5,102.27439572842636,344.2987214572337,995.3384864202086
14.033333333333333,2.669491585132561,102.05161052057639,344.05441632218486,978.4513682850861
14.049999999999999,-0.5,103.21610602048831,341.1946618392025,960.9046624546424
14.066666666666666,2.2917466752236235,101.69056410575895,341.97307294086806,962.1367231142224
14.083333333333334,-0.5,102.60605392705673,339.92138193827736,944.9949044649525
14.1,0.002593544936295441,101.23021056147199,336.9360295985489,933.1734295460499
14.116666666666667,1.2781799277202248,99.80234480131672,338.5559614661891,927.0693316492873
14.133333333333333,-0.5,97.98169765969907,337.3342447390055,901.6272735724401
14.15,1.7570514920758187,99.87407684017836,334.8942792971867,900.547581217982
14.166666666666666,-0.5,100.24733505288393,336.147483313466,886.8938117506942
14.183333333333334,1.1567092944426838,100.30248327971916,333.75504916527194,879.8538852426788
14.2,0.010112640581921023,99.30365725678803,333.09560284425595,863.683019872313
14.216666666666667,-0.5,99.5541746591006,332.27291439366877,853.1950063528146
14.233333333333333,1.2878751808386577,97.93656936027323,329.7430326296182,834.3903495986912
14.25,-0.5,97.01201272721264,330.7311204982332,816.1431679789945
14.266666666666666,1.0859977607409719,96.80654601266848,326.72346554344426,808.8092708458648
14.283333333333333,-0.5,97.92934097701064,326.96825809762487,795.763737031636
14.299999999999999,0.070130345023748,95.7395632351517,325.0831951715279,784.8684734533581
14.316666666666666,0.3258581922732661,95.80463843822994,325.7495830984358,773.8219968432179
14.333333333333334,-0.5,95.06484954567675,324.8529431480226,770.8215718148065
14.35,0.7320260638227694,95.05628047996615,323.27825133108337,749.1951597140363
14.366666666666667,-0.5,93.3898634981083,322.2706736221041,751.1912090119315
14.383333333333333,0.1848149921418404,96.30594010519519,322.4056724269873,741.6431912366749
14.4,0.16297580643496007,95.17161639415185,321.08731921981445,736.7412355636741
14.416666666666666,-0.4567151307853644,95.57704627729693,318.79578082381477,722.1456829326712
14.433333333333334,0.5023461559771879,94.52622495029323,317.5602345984464,708.0907750788626
14.45,-0.5,94.87030544674494,316.7399553946644,695.6692278372609
14.466666666666667,0.267626421811077,95.19227637260305,315.60492274636994,703.3605487916678
14.483333333333333,-0.24847277887230307,94.14100342943817,314.20879799535135,695.0041896128795
14.5,-0.08939796482458898,92.75573349534895,313.3566917337811,675.804215635209
14.516666666666666,0.35613434172023123,92.16877292650288,310.017470992503,662.617228764387
14.533333333333333,-0.48218134698711007,90.05058658222006,309.76377532583575,657.3926457742756
14.549999999999999,0.32053003355699705,90.34671384902889,309.3334899234936,651.9239008848019
14.566666666666666,-0.05071718928765245,92.05649829671886,309.42144454372544,640.0051443050705
14.583333333333334,0.2928829206954272,91.43833205072144,308.53958493590096,638.068360991207
14.6,0.13689150002346026,90.3943585400199,305.0515095260323,627.6608688466534
14.616666666666667,-0.283184774680834,91.64802315867458,307.35801827810224,618.9430201490076
14.633333333333333,0.20838379949710148,90.69150646140795,304.34098196674285,612.3423124703152
14.65,-0.21035117503727266,91.91297094778672,304.0452507816101,597.0101583722009
14.666666666666666,0.16834325191214897,90.0871870859619,301.605665392347,591.2319562350918
14.683333333333334,-0.42892314047574925,90.84531441348551,302.7960735219785,581.2241008253072
14.7,0.1645495125113484,90.54196207443265,299.9940624082447,587.4847017113718
14.716666666666667,0.31501837487288137,90.06125714196635,300.3128102994232,568.66544308045
14.733333333333333,-0.228507344652364,87.59513936434047,299.6939712371827,564.740701840425
14.75,0.22061324907251886,89.3360947837483,297.0365770061523,562.5977828669118
14.766666666666666,-0.06595238065628238,85.71026597754386,296.8293914775328,534.8109965046086
14.783333333333333,0.028053693854501897,86.74547144551177,294.9696523116531,534.6800461952726
14.799999999999999,0.036595366836372344,85.69300270968601,294.9736607542624,536.2323368677143
14.816666666666666,-0.24910721037533295,86.68915850851484,294.6104169747219,523.2665055415507
14.833333333333334,0.03748378289186388,85.62168328079574,293.0499341012078,518.7119222110871
14.85,-0.12646086734139542,88.25591867404806,293.28467368156265,505.0567225579741
14.866666666666667,0.09640588560848254,88.1631774204643,292.51069330139944,504.21548079086654
14.883333333333333,0.1298063716807835,85.32705231790486,291.6124999589775,500.1253840918062
14.9,0.18208321007867517,85.39030612116575,288.2346245079719,477.84766154596343
14.916666666666666,-0.06446171423269184,86.46422479794194,288.3532841978624,489.6316045262246
14.933333333333334,-0.14448169815168116,85.19581168024663,287.6134486224078,482.7389777468364
14.95,-0.09292865515315486,83.28481412558963,285.418138297004,478.11430002188234
14.966666666666667,-0.03264045277602405,84.58366195498844,284.55096568625896,464.60131206845926
14.983333333333333,-0.043898890198023933,84.69929440180243,283.2166240201578,461.2648600435155
15.0,-0.09308275870882166,84.98843779410765,283.55986151701353,456.21090097101734
15.016666666666666,-0.17095076194897885,85.46008840716325,282.54080648848293,440.112695710731
15.033333333333333,-0.0031645834405066436,83.33297698209886,279.43400175744506,442.36793507092125
15.049999999999999,0.10063327752953809,82.12372469234857,282.6452357710622,436.3924825626848
15.066666666666666,-0.4194336302429694,83.95850173274239,279.5070733594339,419.3697962479393
15.083333333333334,0.18463514412812337,83.0024070326525,281.42261065898424,415.26093004060215
15.1,0.15324549604961685,82.29401596728141,279.8084995055397,433.05879995166833
15.116666666666667,0.1791430253241718,83.47912106534999,277.0577505651708,402.7626794090981
15.133333333333333,-0.4155665114992375,79.79190638085998,274.3384269104683,412.6392338989091
15.15,-0.05740354430276262,82.26659672117555,275.4893723634256,404.08139114829083
15.166666666666666,0.18190548529658906,80.39319617553653,274.4925876241397,396.2710568430993
15.183333333333334,0.06547955806644115,80.86728638323221,273.67653766661385,395.77631861551885
15.2,-0.13422541381051525,79.81867076364614,271.78668346473046,390.46288710452563
15.216666666666667,-0.031501449214518015,80.6943387332544,270.1159573652631,387.9750171071346
15.233333333333333,-0.04791281586261931,80.2613667944601,271.0821804363263,374.5538477343355
15.25,0.43981075375777573,79.91587505013734,269.6549205690972,374.4504760360358
15.266666666666666,0.11123286401594976,80.73571982678786,268.5908734310418,366.22407536917746
15.283333333333333,-0.1349750111697233,80.17466573671578,267.7806534680409,355.90581739607364
15.299999999999999,-0.1296577675835285,77.58316364734493,268.6940087967227,360.86855047231205
15.316666666666666,-0.14865692591421714,78.80673639472494,265.21253104505655,349.54005494408074
15.333333333333334,-0.37422378440209886,80.89531059923713,263.4780222451582,351.078627195331
15.35,-0.151323929822469,78.15820658023142,264.931825800768,349.55652238807545
15.366666666666667,-0.11236453395617414,79.0560831685087,263.17686022307913,333.65141828926204
15.383333333333333,-0.11955350210611557,77.68632942135615,263.98121617061463,335.0473423739176
15.4,0.12696375312449223,77.75984373354446,262.54777036608056,332.5446684339454
15.416666666666666,-0.02821623670801584,76.61781957663023,263.0236699301232,333.4337381313841
15.433333333333334,-0.11239502560366836,77.53713047492754,257.37998374039694,318.78161924455117
15.45,0.18264415473373485,75.33113893572092,259.4350066650695,315.86395182194025
15.466666666666667,0.02440806023149228,76.74388704513782,259.0589363029668,308.8908482151025
15.483333333333333,0.09041264793752603,75.63919979595435,257.3351588743407,302.0523043198005
15.5,-0.01581552786790738,75.84875725212372,255.68297638112134,298.4060712975756
15.516666666666666,-0.05676544512419311,75.46300218275763,257.08058959901524,301.96771259179695
15.533333333333333,-0.17436636497273925,75.2753757913239,254.8956085069285,291.1455965796447
15.549999999999999,0.25706839257536573,73.79170972030747,252.73123621338078,289.23011521207417
15.566666666666666,0.09689877459105918,74.06797330193403,253.48997397008299,295.0526762381512
15.583333333333334,-0.09343277023630893,75.95232605277346,250.9897851058293,285.47480946327187
15.6,0.10245480877472304,73.34646803393478,251.1077104503589,283.34542157067835
15.616666666666667,-0.0776882728411391,75.58061073350389,249.65745949294393,281.05448658316294
15.633333333333333,-0.06218686988996826,71.6919411445984,249.09116976616122,272.33088866784686
15.65,-0.11253048748529955,73.146993999801,249.39946217308693,267.8155266519671
15.666666666666666,0.05471101490416488,72.6166751942894,248.78968361651005,269.871051261556
15.683333333333334,0.16948608154716346,73.53436183106446,246.9267417025264,268.8529973213297
15.7,-0.0845645899632098,73.07333189763123,245.79817634383554,255.66500350564152
15.716666666666667,-0.12993591511464878,72.53890045942069,244.97774826408224,254.42317511870795
15.733333333333333,0.1486882286101729,71.84818527875484,244.97496368756805,257.74919790025035
15.75,-0.08138228506890653,72.28824361679055,244.45781576646434,246.9362289516958
15.766666666666666,0.07192749331509174,73.02171274635369,241.51197126042703,254.4051003784329
15.783333333333333,0.02364306598329471,71.1156451941082,243.2078642147493,242.99299042338458
15.799999999999999,0.32771515696331693,70.59624742826603,241.9786287856717,234.75732583907873
15.816666666666666,-0.21092628980214484,72.71619452282133,240.9551337482836,228.92036896232025
15.833333333333334,-0.3243508790570411,72.18811764258436,239.56812649769736,229.83118977905104
15.85,-0.014383081464516924,70.26402590571946,240.71718194785947,210.62752805502035
15.866666666666667,0.16537864139600528,70.05350131253655,237.65437304458248,231.18389999350353
15.883333333333333,-0.20572448309210792,71.3688644427743,235.33026113124703,227.48679623812706
15.9,-0.00046988666946421446,69.81887904953467,235.5978027888433,223.29356215972976
15.916666666666666,-0.1578301368735438,70.75422728933003,236.8691338547613,217.79440974788454
15.933333333333334,-0.14199195252393937,67.91529408408688,234.843159492261,222.47884602445163
15.95,0.11191939931273363,70.58235335359763,235.20999596848256,207.10828955173602
15.966666666666667,-0.005001539012759837,70.92909872090067,232.3346285784289,207.08140011572985
15.983333333333333,-0.13254990830042207,70.10712127324925,233.215955781,212.07379073880355
